pull #, date,Accessories,Books,Bags,Cellphones,Clothing,Money,Eletronics,Entrainment,Glasses,Shoes,Household Items,indentification,Jewlery,Keys,Medical Equipment,Miscellaneous,Instruments,NYCT Equipment,Sports Equipment,Tickets,Tools,Toys,Wallets/Purses
1,2014-08-17,11987,11072,38549,65348,21023,30192,8649,2565,8653,4857,1857,115288,5490,11816,5306,33083,438,311,1121,30339,723,1155,205070
2,2014-08-18,11987,11072,38549,65348,21023,30192,8649,2565,8653,4857,1857,115288,5490,11816,5306,33083,438,311,1121,30339,723,1155,205070
3,2014-08-19,11990,11074,38565,65412,21027,30205,8655,2565,8657,4858,1859,115374,5492,11826,5306,33096,438,315,1121,30352,723,1155,205198
4,2014-08-20,11997,11080,38601,65474,21052,30231,8664,2565,8664,4868,1863,115537,5495,11834,5310,33126,438,316,1123,30380,723,1158,205440
5,2014-08-21,12003,11085,38637,65554,21083,30251,8672,2573,8668,4873,1868,115635,5502,11841,5317,33167,438,316,1123,30394,725,1158,205616
6,2014-08-22,12014,11090,38663,65626,21096,30274,8682,2575,8682,4878,1875,115750,5508,11856,5326,33193,438,316,1125,30423,725,1162,205822
7,2014-08-24,12018,11092,38681,65644,21110,30291,8686,2575,8682,4880,1875,115817,5508,11859,5330,33213,438,316,1126,30441,725,1163,205936
8,2014-08-25,12018,11093,38685,65674,21116,30302,8689,2576,8682,4881,1875,115881,5510,11866,5330,33219,438,316,1126,30452,725,1163,206026
9,2014-08-26,12018,11093,38685,65674,21116,30302,8689,2576,8682,4881,1875,115881,5510,11866,5330,33219,438,316,1126,30452,725,1163,206026
10,2014-08-27,12030,11110,38730,65786,21144,30337,8709,2581,8696,4891,1877,116111,5521,11884,5332,33270,438,317,1128,30518,728,1163,206410
11,2014-08-28,12030,11110,38730,65786,21144,30337,8709,2581,8696,4891,1877,116111,5521,11884,5332,33270,438,317,1128,30518,728,1163,206410
12,2014-08-29,12041,11117,38775,65876,21180,30372,8721,2584,8708,4900,1878,116282,5523,11899,5339,33313,438,317,1129,30558,730,1167,206695
13,2014-08-30,12041,11117,38775,65876,21180,30372,8721,2584,8708,4900,1878,116282,5523,11899,5339,33313,438,317,1129,30558,730,1167,206695
14,2014-08-31,12041,11117,38775,65876,21180,30372,8721,2584,8708,4900,1878,116282,5523,11899,5339,33313,438,317,1129,30558,730,1167,206695
15,2014-09-01,12041,11117,38775,65876,21180,30372,8721,2584,8708,4900,1878,116282,5523,11899,5339,33313,438,317,1129,30558,730,1167,206695
16,2014-09-02,12041,11117,38775,65876,21180,30372,8721,2584,8708,4900,1878,116282,5523,11899,5339,33313,438,317,1129,30558,730,1167,206695
17,2014-09-03,12041,11118,38782,65894,21180,30375,8724,2584,8709,4900,1878,116294,5524,11899,5340,33313,438,317,1129,30560,730,1167,206711
18,2014-09-05,12063,11137,38853,66052,21226,30452,8749,2587,8725,4905,1881,116635,5541,11924,5364,33398,439,318,1132,30644,731,1169,207295
19,2014-09-06,12075,11146,38877,66104,21256,30466,8753,2588,8732,4908,1884,116740,5541,11927,5374,33425,439,319,1136,30671,735,1169,207476
20,2014-09-07,12075,11146,38877,66104,21256,30466,8753,2588,8732,4908,1884,116740,5541,11927,5374,33425,439,319,1136,30671,735,1169,207476
21,2014-09-08,12075,11146,38877,66104,21256,30466,8753,2588,8732,4908,1884,116740,5541,11927,5374,33425,439,319,1136,30671,735,1169,207476
22,2014-09-09,12078,11148,38887,66134,21263,30474,8756,2588,8742,4910,1884,116758,5542,11950,5375,33433,439,319,1137,30680,735,1169,207537
23,2014-09-10,12080,11150,38909,66178,21277,30497,8759,2588,8747,4914,1887,116868,5545,11953,5375,33453,439,319,1137,30706,735,1169,207699
24,2014-09-11,12087,11164,38947,66270,21303,30549,8768,2589,8757,4924,1895,117088,5545,11963,5377,33480,439,319,1139,30761,737,1172,208020
25,2014-09-13,12094,11183,38999,66386,21344,30570,8789,2595,8775,4932,1899,117245,5550,11977,5380,33540,439,319,1139,30808,737,1172,208306
26,2014-09-14,12094,11183,38999,66386,21344,30570,8789,2595,8775,4932,1899,117245,5550,11977,5380,33540,439,319,1139,30808,737,1172,208306
27,2014-09-15,12096,11188,39010,66398,21355,30582,8791,2595,8776,4933,1900,117285,5551,11982,5381,33552,439,319,1140,30822,738,1172,208381
28,2014-09-16,12097,11189,39017,66412,21359,30591,8794,2595,8778,4933,1901,117299,5551,11985,5381,33554,439,319,1140,30823,738,1172,208401
29,2014-09-17,12099,11197,39043,66454,21371,30609,8801,2595,8783,4939,1901,117379,5554,11996,5382,33574,440,319,1140,30840,738,1174,208536
30,2014-09-18,12104,11206,39074,66520,21386,30645,8804,2595,8795,4940,1902,117508,5561,12009,5388,33607,440,319,1142,30884,739,1175,208772
31,2014-09-19,12115,11211,39095,66576,21395,30691,8812,2595,8807,4941,1902,117686,5569,12031,5390,33626,440,319,1143,30948,739,1175,209066
32,2014-09-20,12119,11220,39120,66628,21406,30701,8813,2595,8808,4948,1904,117839,5569,12034,5409,33643,440,320,1144,30979,739,1176,209292
33,2014-09-21,12119,11220,39120,66628,21406,30701,8813,2595,8808,4948,1904,117839,5569,12034,5409,33643,440,320,1144,30979,739,1176,209292
34,2014-09-22,12120,11221,39131,66670,21414,30709,8817,2595,8811,4948,1905,117867,5569,12042,5411,33653,440,320,1144,30988,740,1179,209353
35,2014-09-23,12120,11221,39131,66670,21414,30709,8817,2595,8811,4948,1905,117867,5569,12042,5411,33653,440,320,1144,30988,740,1179,209353
36,2014-09-24,12125,11233,39176,66732,21443,30735,8821,2596,8815,4950,1905,117995,5574,12064,5416,33680,440,320,1144,31021,743,1181,209578
37,2014-09-25,12129,11240,39202,66796,21463,30767,8836,2606,8827,4954,1905,118115,5577,12078,5423,33711,440,320,1145,31053,743,1182,209787
38,2014-09-26,12143,11263,39264,66882,21520,30820,8851,2608,8846,4965,1910,118318,5582,12097,5435,33764,440,320,1147,31106,743,1185,210137
39,2014-09-27,12143,11263,39264,66884,21520,30820,8851,2608,8846,4965,1910,118318,5582,12098,5435,33764,440,320,1147,31106,743,1185,210138
40,2014-09-28,12143,11263,39264,66884,21520,30820,8851,2608,8846,4965,1910,118318,5582,12098,5435,33764,440,320,1147,31106,743,1185,210138
41,2014-09-30,12147,11263,39276,66928,21522,30837,8855,2608,8848,4967,1910,118360,5587,12115,5436,33767,440,320,1147,31115,743,1186,210216
42,2014-10-01,12167,11294,39342,67038,21573,30896,8875,2617,8863,4983,1913,118572,5593,12138,5438,33828,441,320,1150,31174,743,1188,210585
43,2014-10-02,12175,11304,39373,67106,21593,30939,8885,2617,8869,4986,1920,118674,5597,12158,5446,33857,441,320,1151,31216,743,1188,210791
44,2014-10-04,12175,11304,39373,67108,21593,30945,8885,2617,8869,4986,1920,118763,5597,12160,5446,33867,441,321,1151,31232,743,1188,210909
45,2014-10-05,12175,11304,39373,67108,21593,30945,8885,2617,8869,4986,1920,118763,5597,12160,5446,33867,441,321,1151,31232,743,1188,210909
46,2014-10-06,12175,11304,39382,67126,21600,30948,8887,2617,8869,4988,1920,118764,5597,12162,5446,33869,441,322,1151,31232,743,1188,210915
47,2014-10-07,12175,11304,39382,67126,21600,30948,8887,2617,8869,4988,1920,118764,5597,12162,5446,33869,441,322,1151,31232,743,1188,210915
48,2014-10-08,12184,11310,39413,67162,21627,30974,8895,2624,8874,4995,1923,118846,5598,12167,5454,33884,442,322,1154,31254,743,1189,211053
49,2014-10-09,12187,11317,39436,67242,21630,31022,8906,2626,8886,4996,1923,119003,5605,12177,5458,33904,442,322,1154,31294,743,1190,211292
50,2014-10-10,12204,11322,39481,67358,21672,31070,8916,2626,8897,5000,1923,119197,5607,12192,5464,33935,445,322,1159,31352,747,1192,211612
51,2014-10-11,12204,11322,39484,67368,21673,31072,8917,2626,8897,5000,1924,119205,5607,12192,5464,33937,445,322,1159,31354,748,1192,211625
52,2014-10-12,12204,11322,39484,67368,21673,31072,8917,2626,8897,5000,1924,119205,5607,12192,5464,33937,445,322,1159,31354,748,1192,211625
53,2014-10-13,12204,11323,39500,67402,21681,31092,8921,2626,8902,5000,1927,119307,5610,12196,5464,33943,445,322,1159,31381,750,1193,211770
54,2014-10-14,12204,11323,39500,67402,21681,31092,8921,2626,8902,5000,1927,119307,5610,12196,5464,33943,445,322,1159,31381,750,1193,211770
55,2014-10-17,12213,11348,39567,67576,21721,31163,8935,2628,8917,5010,1931,119674,5619,12219,5479,33999,446,322,1159,31473,751,1196,212337
56,2014-10-18,12217,11354,39597,67630,21741,31207,8937,2629,8920,5014,1932,119820,5623,12231,5484,34018,446,324,1160,31519,751,1197,212573
57,2014-10-19,12217,11354,39597,67630,21741,31207,8937,2629,8920,5014,1932,119820,5623,12231,5484,34018,446,324,1160,31519,751,1197,212573
58,2014-10-20,12217,11354,39597,67630,21741,31207,8937,2629,8920,5014,1932,119820,5623,12231,5484,34018,446,324,1160,31519,751,1197,212573
59,2014-10-21,12229,11364,39643,67640,21765,31225,8943,2630,8927,5024,1934,119888,5629,12240,5494,34053,447,325,1166,31541,751,1197,212731
60,2014-10-22,12239,11383,39673,67714,21778,31248,8951,2630,8931,5028,1934,119998,5631,12253,5505,34081,448,325,1166,31577,754,1199,212937
61,2014-10-23,12260,11412,39751,67812,21823,31335,8966,2636,8950,5045,1937,120328,5643,12280,5518,34140,448,326,1173,31659,757,1201,213473
62,2014-10-24,12260,11412,39751,67812,21823,31335,8966,2636,8950,5045,1937,120328,5643,12280,5518,34140,448,326,1173,31659,757,1201,213473
63,2014-10-25,12268,11421,39780,67884,21843,31373,8971,2636,8953,5051,1939,120536,5644,12291,5525,34166,448,327,1175,31712,757,1202,213783
64,2014-10-26,12268,11421,39780,67884,21843,31373,8971,2636,8953,5051,1939,120536,5644,12291,5525,34166,448,327,1175,31712,757,1202,213783
65,2014-10-27,12268,11422,39788,67890,21847,31385,8975,2636,8953,5053,1939,120641,5645,12291,5526,34173,448,328,1175,31750,757,1202,213936
66,2014-10-28,12268,11422,39788,67890,21847,31385,8975,2636,8953,5053,1939,120641,5645,12291,5526,34173,448,328,1175,31750,757,1202,213936
67,2014-10-29,12285,11432,39832,67944,21867,31407,8992,2639,8961,5058,1940,120732,5651,12302,5531,34210,448,328,1175,31778,758,1203,214116
68,2014-10-30,12290,11438,39865,68008,21879,31445,9000,2640,8967,5061,1942,120868,5656,12316,5542,34242,448,328,1176,31819,758,1207,214360
69,2014-10-31,12308,11467,39923,68064,21912,31481,9008,2640,8976,5063,1944,121064,5665,12325,5543,34289,448,329,1183,31887,758,1208,214699
70,2014-11-01,12308,11467,39923,68064,21912,31481,9008,2640,8976,5063,1944,121064,5665,12325,5543,34289,448,329,1183,31887,758,1208,214699
71,2014-11-02,12308,11467,39923,68064,21912,31481,9008,2640,8976,5063,1944,121064,5665,12325,5543,34289,448,329,1183,31887,758,1208,214699
72,2014-11-03,12308,11467,39923,68064,21912,31481,9008,2640,8976,5063,1944,121064,5665,12325,5543,34289,448,329,1183,31887,758,1208,214699
73,2014-11-04,12315,11478,39934,68090,21919,31491,9010,2640,8979,5065,1945,121113,5665,12335,5544,34297,448,329,1184,31894,758,1208,214775
74,2014-11-06,12336,11494,39984,68230,21937,31553,9032,2644,8992,5070,1947,121326,5670,12355,5553,34321,450,329,1188,31952,758,1208,215110
75,2014-11-10,12350,11518,40062,68362,21977,31606,9039,2660,9001,5078,1949,121605,5672,12360,5568,34384,450,332,1188,32041,761,1210,215571
76,2014-11-11,12353,11522,40081,68402,21986,31628,9046,2660,9008,5081,1951,121689,5674,12370,5570,34399,450,332,1188,32058,761,1210,215701
77,2014-11-12,12380,11541,40151,68506,22010,31714,9063,2665,9033,5097,1952,122050,5679,12406,5587,34441,453,332,1191,32161,762,1211,216273
78,2014-11-13,12380,11541,40151,68506,22010,31714,9063,2665,9033,5097,1952,122050,5679,12406,5587,34441,453,332,1191,32161,762,1211,216273
79,2014-11-14,12388,11553,40175,68518,22022,31724,9064,2665,9035,5105,1954,122149,5680,12409,5591,34461,454,332,1192,32185,762,1216,216431
80,2014-11-15,12389,11557,40177,68522,22022,31725,9065,2665,9035,5105,1954,122156,5680,12409,5591,34461,454,332,1193,32185,762,1216,216439
81,2014-11-16,12389,11557,40177,68522,22022,31725,9065,2665,9035,5105,1954,122156,5680,12409,5591,34461,454,332,1193,32185,762,1216,216439
82,2014-11-17,12389,11557,40177,68522,22022,31725,9065,2665,9035,5105,1954,122157,5680,12409,5591,34461,454,332,1193,32185,762,1216,216440
83,2014-11-18,12395,11560,40194,68552,22030,31737,9074,2665,9039,5106,1954,122220,5683,12417,5591,34469,454,333,1193,32200,762,1216,216538
84,2014-11-20,12424,11581,40265,68680,22087,31792,9085,2670,9047,5117,1956,122489,5693,12434,5599,34527,454,333,1199,32276,764,1219,216987
85,2014-11-21,12438,11589,40297,68768,22097,31813,9096,2673,9055,5119,1956,122555,5696,12440,5601,34545,454,333,1199,32289,764,1222,217098
86,2014-11-22,12445,11590,40315,68790,22111,31843,9098,2673,9057,5129,1958,122704,5701,12448,5604,34564,454,335,1200,32337,767,1222,217336
87,2014-11-23,12445,11590,40315,68790,22111,31843,9098,2673,9057,5129,1958,122704,5701,12448,5604,34564,454,335,1200,32337,767,1222,217336
88,2014-11-24,12446,11590,40326,68842,22117,31866,9102,2673,9059,5130,1958,122756,5703,12452,5604,34576,455,335,1201,32352,767,1222,217423
89,2014-11-25,12446,11590,40326,68842,22117,31866,9102,2673,9059,5130,1958,122756,5703,12452,5604,34576,455,335,1201,32352,767,1222,217423
90,2014-11-26,12461,11597,40359,68890,22136,31898,9111,2676,9060,5132,1960,122919,5705,12466,5607,34618,456,335,1203,32395,767,1222,217693
91,2014-11-28,12491,11625,40430,68952,22176,31928,9125,2681,9067,5138,1966,123064,5705,12478,5611,34660,457,335,1204,32432,767,1229,217942
92,2014-11-29,12491,11625,40430,68952,22176,31928,9125,2681,9067,5138,1966,123064,5705,12478,5611,34660,457,335,1204,32432,767,1229,217942
93,2014-11-30,12491,11625,40430,68952,22176,31928,9125,2681,9067,5138,1966,123064,5705,12478,5611,34660,457,335,1204,32432,767,1229,217942
94,2014-12-01,12491,11627,40434,68960,22176,31935,9128,2681,9067,5138,1966,123072,5705,12479,5611,34661,457,335,1204,32436,767,1229,217956
95,2014-12-02,12491,11627,40434,68960,22176,31935,9128,2681,9067,5138,1966,123072,5705,12479,5611,34661,457,335,1204,32436,767,1229,217956
96,2014-12-03,12514,11640,40474,69020,22189,31967,9139,2682,9076,5144,1966,123171,5710,12502,5616,34690,459,335,1206,32461,767,1229,218146
97,2014-12-04,12529,11647,40508,69070,22222,31995,9145,2684,9080,5150,1968,123297,5715,12516,5621,34715,459,336,1206,32492,767,1231,218355
98,2014-12-05,12540,11659,40559,69122,22242,32018,9161,2684,9090,5156,1969,123392,5721,12536,5637,34743,461,336,1209,32515,768,1231,218549
99,2014-12-06,12549,11672,40590,69160,22257,32027,9163,2686,9095,5159,1971,123461,5722,12544,5649,34768,461,337,1209,32533,769,1232,218685
100,2014-12-07,12549,11672,40590,69160,22257,32027,9163,2686,9095,5159,1971,123461,5722,12544,5649,34768,461,337,1209,32533,769,1232,218685
101,2014-12-08,12549,11672,40590,69160,22257,32027,9163,2686,9095,5159,1971,123461,5722,12544,5649,34768,461,337,1209,32533,769,1232,218685
102,2014-12-09,12555,11684,40602,69186,22265,32047,9167,2686,9098,5161,1971,123519,5724,12554,5650,34784,461,337,1209,32542,769,1232,218781
103,2014-12-10,12561,11692,40640,69230,22284,32071,9169,2688,9100,5164,1973,123620,5728,12558,5655,34810,461,337,1209,32564,769,1233,218944
104,2014-12-11,12575,11700,40678,69288,22303,32100,9185,2689,9116,5176,1973,123710,5730,12569,5658,34840,461,337,1209,32601,772,1233,219120
105,2014-12-13,12592,11708,40711,69368,22334,32121,9202,2692,9125,5180,1973,123857,5734,12571,5666,34865,462,337,1210,32642,772,1234,219350
106,2014-12-14,12592,11708,40711,69368,22334,32121,9202,2692,9125,5180,1973,123857,5734,12571,5666,34865,462,337,1210,32642,772,1234,219350
107,2014-12-15,12595,11711,40726,69408,22339,32137,9207,2692,9128,5182,1973,123910,5736,12575,5667,34874,463,337,1210,32653,772,1236,219433
108,2014-12-17,12606,11721,40756,69462,22350,32163,9213,2693,9133,5184,1973,123994,5741,12581,5667,34904,463,337,1210,32674,772,1238,219581
109,2014-12-18,12623,11722,40793,69532,22362,32199,9228,2698,9150,5191,1973,124182,5748,12597,5675,34927,464,337,1210,32715,772,1240,219867
110,2014-12-19,12657,11731,40854,69612,22393,32247,9249,2703,9161,5201,1978,124362,5753,12609,5683,34986,467,337,1212,32769,773,1241,220192
111,2014-12-22,12660,11732,40861,69618,22396,32253,9249,2703,9164,5201,1978,124375,5753,12609,5684,34988,468,337,1212,32772,773,1244,220215
112,2014-12-24,12682,11750,40930,69710,22436,32309,9269,2703,9175,5205,1980,124609,5761,12635,5690,35032,468,338,1214,32849,773,1246,220615
113,2014-12-25,12693,11753,40954,69774,22448,32335,9279,2703,9180,5207,1982,124724,5763,12646,5691,35048,468,338,1214,32882,773,1248,220795
114,2014-12-26,12693,11753,40954,69774,22448,32335,9279,2703,9180,5207,1982,124724,5763,12646,5691,35048,468,338,1214,32882,773,1248,220795
115,2014-12-28,12711,11778,41017,69818,22495,32359,9288,2708,9185,5211,1985,124829,5763,12651,5696,35091,470,340,1214,32913,773,1251,220991
116,2014-12-29,12711,11778,41017,69818,22495,32359,9288,2708,9185,5211,1985,124829,5763,12651,5696,35091,470,340,1214,32913,773,1251,220991
117,2015-01-02,12766,11806,41165,69958,22596,32425,9334,2739,9210,5229,1990,125147,5777,12672,5715,35190,474,341,1215,33002,777,1257,221567
118,2015-01-04,12768,11806,41167,69988,22596,32446,9336,2739,9210,5229,1990,125194,5779,12673,5715,35195,474,341,1215,33014,777,1257,221634
119,2015-01-06,12785,11811,41207,70070,22631,32482,9345,2741,9215,5235,1994,125341,5783,12681,5721,35215,474,341,1215,33045,778,1257,221851
120,2015-01-07,12785,11811,41207,70070,22631,32482,9345,2741,9215,5235,1994,125341,5783,12681,5721,35215,474,341,1215,33045,778,1257,221851
121,2015-01-10,12828,11825,41291,70186,22682,32560,9372,2743,9238,5239,2000,125704,5792,12704,5734,35300,475,341,1217,33118,780,1257,222422
122,2015-01-11,12828,11825,41291,70186,22682,32560,9372,2743,9238,5239,2000,125704,5792,12704,5734,35300,475,341,1217,33118,780,1257,222422
123,2015-01-13,12845,11838,41336,70274,22702,32589,9381,2744,9247,5243,2000,125842,5794,12719,5734,35326,476,342,1217,33150,780,1257,222637
124,2015-01-14,12845,11838,41336,70274,22702,32589,9381,2744,9247,5243,2000,125842,5794,12719,5734,35326,476,342,1217,33150,780,1257,222637
125,2015-01-15,12861,11843,41385,70306,22728,32635,9387,2745,9258,5249,2001,126016,5804,12728,5740,35370,476,342,1218,33204,783,1257,222938
126,2015-01-16,12892,11856,41433,70376,22754,32660,9398,2756,9261,5257,2004,126153,5806,12734,5758,35429,479,343,1218,33243,783,1259,223205
127,2015-01-17,12900,11861,41439,70384,22765,32667,9404,2758,9264,5259,2004,126189,5806,12737,5760,35435,479,344,1219,33248,783,1259,223259
128,2015-01-19,12900,11861,41439,70384,22765,32667,9404,2758,9264,5259,2004,126189,5806,12737,5760,35435,479,344,1219,33248,783,1259,223259
129,2015-01-20,12900,11861,41439,70384,22765,32667,9404,2758,9264,5259,2004,126189,5806,12737,5760,35435,479,344,1219,33248,783,1259,223259
130,2015-01-21,12911,11861,41455,70414,22774,32676,9405,2758,9268,5260,2004,126215,5807,12742,5762,35441,479,345,1219,33254,783,1259,223306
131,2015-01-22,12937,11874,41515,70480,22800,32706,9416,2761,9273,5266,2005,126363,5811,12754,5776,35491,480,346,1219,33294,783,1259,223576
132,2015-01-23,12953,11892,41559,70540,22816,32742,9423,2763,9279,5270,2009,126489,5812,12770,5789,35537,481,346,1219,33343,784,1259,223829
133,2015-01-24,12953,11892,41560,70544,22816,32743,9426,2763,9280,5270,2009,126492,5812,12771,5789,35538,481,346,1219,33345,784,1259,223836
134,2015-01-25,12953,11892,41560,70544,22816,32743,9426,2763,9280,5270,2009,126492,5812,12771,5789,35538,481,346,1219,33345,784,1259,223836
135,2015-01-26,12961,11905,41576,70556,22826,32750,9429,2768,9283,5271,2009,126511,5821,12774,5790,35548,481,346,1219,33352,784,1259,223885
136,2015-01-27,12961,11905,41580,70560,22826,32752,9429,2768,9283,5271,2009,126511,5822,12774,5790,35550,481,346,1219,33352,784,1259,223888
137,2015-01-28,12990,11934,41651,70680,22872,32809,9442,2768,9291,5277,2012,126777,5830,12793,5803,35606,481,346,1219,33401,787,1261,224304
138,2015-01-30,12998,11935,41659,70682,22875,32811,9445,2768,9291,5277,2012,126824,5830,12794,5805,35618,481,346,1219,33410,786,1261,224374
139,2015-01-31,13001,11936,41660,70682,22875,32814,9449,2768,9291,5277,2012,126826,5830,12796,5805,35623,481,346,1219,33413,786,1261,224386
140,2015-02-03,13027,11941,41691,70750,22884,32846,9454,2769,9296,5280,2013,126963,5831,12808,5811,35638,482,346,1219,33447,786,1262,224593
141,2015-02-04,13027,11941,41691,70750,22884,32846,9454,2769,9296,5280,2013,126963,5831,12808,5811,35638,482,346,1219,33447,786,1262,224593
142,2015-02-05,13041,11952,41727,70814,22906,32872,9461,2769,9300,5284,2014,127039,5835,12820,5813,35650,482,346,1219,33471,786,1263,224724
143,2015-02-07,13082,11978,41790,70922,22949,32926,9487,2772,9310,5296,2018,127261,5839,12837,5823,35737,484,346,1220,33531,786,1265,225129
144,2015-02-08,13082,11978,41790,70922,22949,32926,9487,2772,9310,5296,2018,127261,5839,12837,5823,35737,484,346,1220,33531,786,1265,225129
145,2015-02-10,13093,11979,41801,70952,22954,32938,9495,2772,9315,5296,2018,127303,5839,12838,5826,35751,485,346,1220,33548,787,1266,225209
146,2015-02-14,13140,12022,41910,71122,23012,33028,9525,2777,9333,5311,2023,127703,5867,12862,5848,35842,486,350,1221,33663,787,1269,225898
147,2015-02-15,13140,12022,41910,71122,23012,33028,9525,2777,9333,5311,2023,127703,5867,12862,5848,35842,486,350,1221,33663,787,1269,225898
148,2015-02-16,13140,12022,41910,71122,23012,33028,9525,2777,9333,5311,2023,127703,5867,12862,5848,35842,486,350,1221,33663,787,1269,225898
149,2015-02-17,13140,12022,41910,71122,23012,33028,9525,2777,9333,5311,2023,127703,5867,12862,5848,35842,486,350,1221,33663,787,1269,225898
150,2015-02-18,13156,12024,41921,71156,23018,33036,9529,2777,9339,5312,2023,127762,5872,12867,5849,35854,486,350,1221,33687,787,1269,226004
151,2015-02-21,13203,12041,42035,71278,23068,33106,9567,2780,9361,5324,2027,128055,5880,12899,5864,35949,487,350,1224,33770,788,1270,226536
152,2015-02-22,13203,12041,42035,71278,23068,33106,9567,2780,9361,5324,2027,128055,5880,12899,5864,35949,487,350,1224,33770,788,1270,226536
153,2015-02-23,13203,12041,42035,71278,23068,33106,9567,2780,9361,5324,2027,128055,5880,12899,5864,35949,487,350,1224,33770,788,1270,226536
154,2015-02-24,13208,12041,42044,71300,23069,33112,9569,2780,9364,5325,2027,128092,5881,12902,5864,35952,487,350,1224,33776,788,1270,226586
155,2015-02-25,13227,12047,42099,71396,23097,33179,9591,2782,9378,5331,2028,128352,5886,12912,5871,35989,489,350,1225,33839,788,1272,226973
156,2015-02-26,13227,12047,42099,71396,23097,33179,9591,2782,9378,5331,2028,128352,5886,12912,5871,35989,489,350,1225,33839,788,1272,226973
157,2015-02-27,13252,12061,42157,71470,23118,33237,9604,2786,9383,5338,2032,128560,5893,12933,5883,36036,489,351,1225,33901,790,1272,227333
158,2015-02-28,13254,12062,42161,71472,23118,33240,9605,2786,9383,5338,2032,128568,5894,12935,5887,36039,489,351,1225,33904,790,1272,227354
159,2015-03-01,13254,12062,42161,71472,23118,33240,9605,2786,9383,5338,2032,128568,5894,12935,5887,36039,489,351,1225,33904,790,1272,227354
160,2015-03-02,13254,12062,42161,71472,23118,33240,9605,2786,9383,5338,2032,128568,5894,12935,5887,36039,489,351,1225,33904,790,1272,227354
161,2015-03-03,13282,12071,42214,71544,23135,33279,9612,2786,9392,5345,2037,128709,5903,12956,5894,36065,489,352,1227,33942,791,1272,227600
162,2015-03-04,13282,12071,42214,71544,23135,33279,9612,2786,9392,5345,2037,128709,5903,12956,5894,36065,489,352,1227,33942,791,1272,227600
163,2015-03-05,13291,12075,42238,71594,23143,33306,9616,2786,9394,5345,2038,128818,5916,12959,5895,36087,489,354,1227,33967,791,1272,227775
164,2015-03-06,13316,12088,42288,71660,23170,33348,9636,2791,9406,5356,2041,129037,5917,12970,5908,36141,489,354,1227,34012,793,1272,228120
165,2015-03-08,13316,12088,42288,71664,23170,33348,9636,2791,9406,5356,2041,129037,5918,12970,5908,36141,489,354,1227,34012,793,1272,228121
166,2015-03-09,13316,12088,42288,71664,23170,33348,9636,2791,9406,5356,2041,129037,5918,12970,5908,36141,489,354,1227,34012,793,1272,228121
167,2015-03-10,13317,12089,42298,71700,23172,33357,9640,2791,9409,5357,2042,129097,5920,12973,5908,36146,489,354,1227,34028,794,1272,228208
168,2015-03-11,13328,12099,42329,71742,23186,33383,9643,2792,9414,5362,2042,129204,5927,12977,5912,36174,489,354,1227,34060,797,1272,228393
169,2015-03-12,13344,12107,42367,71798,23216,33421,9652,2794,9421,5365,2042,129317,5930,12985,5922,36213,489,354,1228,34095,797,1275,228605
170,2015-03-13,13375,12118,42425,71862,23262,33464,9664,2795,9430,5377,2043,129492,5937,13004,5930,36269,490,354,1230,34148,799,1276,228929
171,2015-03-15,13383,12119,42431,71864,23263,33464,9665,2795,9430,5377,2044,129501,5937,13004,5930,36273,490,354,1230,34149,799,1276,228943
172,2015-03-16,13383,12119,42431,71864,23263,33464,9665,2795,9430,5377,2044,129501,5937,13004,5930,36273,490,354,1230,34149,799,1276,228943
173,2015-03-17,13389,12122,42441,71908,23269,33474,9670,2795,9431,5378,2044,129539,5940,13014,5930,36286,490,354,1231,34157,799,1276,229016
174,2015-03-18,13404,12131,42473,71956,23285,33496,9675,2797,9438,5383,2044,129647,5942,13022,5934,36321,490,354,1233,34196,804,1276,229219
175,2015-03-29,13482,12203,42681,72270,23392,33717,9725,2810,9479,5410,2046,130572,5955,13081,5955,36561,494,356,1238,34424,810,1280,230726
176,2015-03-30,13482,12203,42681,72270,23392,33717,9725,2810,9479,5410,2046,130572,5955,13081,5955,36561,494,356,1238,34424,810,1280,230726
177,2015-03-31,13493,12206,42701,72286,23400,33726,9727,2810,9482,5412,2047,130612,5957,13084,5958,36577,494,356,1238,34429,810,1280,230795
178,2015-04-01,13522,12235,42772,72426,23444,33773,9745,2816,9491,5424,2054,130845,5963,13096,5969,36652,494,357,1246,34475,812,1282,231191
179,2015-04-03,13541,12247,42816,72460,23463,33796,9758,2819,9496,5436,2055,130969,5969,13104,5975,36706,494,357,1246,34507,813,1282,231422
180,2015-04-04,13541,12247,42819,72466,23463,33800,9760,2819,9496,5436,2055,130986,5969,13106,5976,36710,494,357,1246,34509,813,1282,231448
181,2015-04-05,13541,12247,42819,72466,23463,33800,9760,2819,9496,5436,2055,130986,5969,13106,5976,36710,494,357,1246,34509,813,1282,231448
182,2015-04-06,13541,12247,42819,72466,23463,33800,9760,2819,9496,5436,2055,130986,5969,13106,5976,36710,494,357,1246,34509,813,1282,231448
183,2015-04-07,13542,12248,42829,72510,23469,33806,9762,2819,9499,5438,2055,131009,5974,13112,5981,36718,494,357,1247,34514,813,1282,231501
184,2015-04-08,13555,12258,42854,72548,23473,33828,9773,2819,9507,5444,2056,131118,5975,13114,5983,36741,494,357,1249,34535,813,1282,231661
185,2015-04-09,13591,12283,42937,72658,23524,33887,9799,2821,9524,5455,2059,131363,5988,13135,6005,36819,494,357,1249,34595,815,1285,232105
186,2015-04-10,13591,12283,42937,72658,23524,33887,9799,2821,9524,5455,2059,131363,5988,13135,6005,36819,494,357,1249,34595,815,1285,232105
187,2015-04-11,13597,12289,42948,72692,23526,33909,9811,2821,9529,5455,2059,131511,5988,13144,6011,36842,494,358,1250,34629,815,1285,232327
188,2015-04-12,13597,12289,42948,72692,23526,33909,9811,2821,9529,5455,2059,131511,5988,13144,6011,36842,494,358,1250,34629,815,1285,232327
189,2015-04-15,13631,12313,43020,72796,23577,33966,9831,2823,9544,5463,2063,131765,5999,13158,6022,36909,499,358,1257,34697,821,1287,232772
190,2015-04-17,13649,12318,43054,72840,23613,33996,9842,2823,9552,5473,2065,131907,6000,13163,6022,36958,500,359,1258,34731,823,1288,233009
191,2015-04-19,13649,12318,43054,72840,23613,33996,9842,2823,9552,5473,2065,131907,6000,13163,6022,36958,500,359,1258,34731,823,1288,233009
192,2015-04-20,13649,12318,43054,72840,23613,33996,9842,2823,9552,5473,2065,131907,6000,13163,6022,36958,500,359,1258,34731,823,1288,233009
193,2015-04-22,13676,12338,43149,73054,23700,34074,9874,2834,9569,5488,2066,132273,6011,13182,6039,37031,503,363,1265,34835,827,1289,233618
194,2015-04-23,13694,12358,43210,73102,23733,34116,9891,2836,9582,5492,2069,132441,6016,13195,6046,37101,503,364,1266,34877,827,1290,233926
195,2015-04-24,13694,12358,43210,73102,23733,34116,9891,2836,9582,5492,2069,132441,6016,13195,6046,37101,503,364,1266,34877,827,1290,233926
196,2015-04-25,13694,12358,43210,73106,23733,34116,9891,2836,9582,5492,2069,132447,6016,13195,6046,37101,503,364,1266,34877,827,1290,233932
197,2015-04-26,13694,12358,43210,73106,23733,34116,9891,2836,9582,5492,2069,132447,6016,13195,6046,37101,503,364,1266,34877,827,1290,233932
198,2015-04-27,13694,12358,43210,73106,23733,34116,9891,2836,9582,5492,2069,132447,6016,13195,6046,37101,503,364,1266,34877,827,1290,233932
199,2015-04-28,13707,12370,43265,73208,23766,34154,9904,2837,9602,5496,2072,132584,6021,13205,6060,37148,503,364,1270,34920,832,1290,234197
200,2015-04-29,13707,12370,43265,73208,23766,34154,9904,2837,9602,5496,2072,132584,6021,13205,6060,37148,503,364,1270,34920,832,1290,234197
201,2015-04-30,13718,12382,43293,73258,23797,34178,9915,2838,9605,5501,2073,132709,6023,13215,6064,37179,505,364,1270,34952,832,1294,234407
202,2015-05-03,13733,12401,43343,73338,23829,34215,9925,2840,9614,5510,2076,132869,6025,13223,6071,37234,505,364,1270,34999,832,1300,234692
203,2015-05-04,13738,12402,43352,73358,23844,34222,9933,2841,9618,5511,2076,132898,6028,13226,6071,37241,505,364,1270,35009,833,1301,234746
204,2015-05-10,13785,12446,43492,73620,23926,34380,9968,2845,9642,5534,2082,133565,6044,13257,6088,37416,506,364,1274,35175,838,1302,235829
205,2015-05-11,13785,12446,43492,73620,23926,34380,9968,2845,9642,5534,2082,133565,6044,13257,6088,37416,506,364,1274,35175,838,1302,235829
206,2015-05-13,13815,12465,43571,73778,23979,34446,9991,2847,9659,5545,2084,133881,6056,13300,6101,37490,508,364,1276,35260,841,1306,236383
207,2015-05-14,13815,12465,43571,73778,23979,34446,9991,2847,9659,5545,2084,133881,6056,13300,6101,37490,508,364,1276,35260,841,1306,236383
208,2015-05-15,13826,12477,43614,73826,23997,34488,9998,2847,9669,5550,2086,134046,6058,13316,6107,37541,509,365,1277,35306,842,1306,236673
209,2015-05-16,13827,12477,43615,73864,23997,34504,9998,2847,9669,5550,2086,134129,6059,13318,6107,37546,509,365,1277,35328,842,1306,236786
210,2015-05-17,13827,12477,43615,73864,23997,34504,9998,2847,9669,5550,2086,134129,6059,13318,6107,37546,509,365,1277,35328,842,1306,236786
211,2015-05-18,13827,12477,43615,73864,23997,34504,9998,2847,9669,5550,2086,134129,6059,13318,6107,37546,509,365,1277,35328,842,1306,236786
212,2015-05-19,13833,12478,43626,73906,24010,34513,10002,2847,9677,5551,2087,134173,6061,13327,6107,37559,509,365,1278,35341,845,1306,236871
213,2015-05-20,13852,12500,43677,74028,24048,34550,10026,2848,9702,5563,2090,134334,6075,13339,6109,37609,509,366,1278,35397,846,1308,237170
214,2015-05-21,13852,12500,43677,74028,24048,34550,10026,2848,9702,5563,2090,134334,6075,13339,6109,37609,509,366,1278,35397,846,1308,237170
215,2015-05-22,13856,12507,43702,74102,24066,34577,10032,2849,9712,5569,2092,134554,6077,13359,6111,37646,511,366,1278,35467,846,1311,237526
216,2015-05-23,13860,12510,43724,74112,24087,34607,10034,2850,9716,5572,2094,134770,6088,13370,6114,37680,511,366,1278,35508,847,1312,237844
217,2015-05-24,13860,12510,43724,74112,24087,34607,10034,2850,9716,5572,2094,134770,6088,13370,6114,37680,511,366,1278,35508,847,1312,237844
218,2015-05-25,13860,12510,43724,74112,24087,34607,10034,2850,9716,5572,2094,134770,6088,13370,6114,37680,511,366,1278,35508,847,1312,237844
219,2015-05-26,13860,12510,43724,74112,24087,34607,10034,2850,9716,5572,2094,134770,6088,13370,6114,37680,511,366,1278,35508,847,1312,237844
220,2015-05-28,13864,12515,43739,74182,24102,34628,10041,2850,9716,5572,2094,134831,6088,13375,6117,37695,512,366,1278,35532,849,1312,237955
221,2015-05-29,13866,12526,43779,74228,24122,34655,10056,2853,9733,5576,2097,134952,6095,13396,6124,37728,512,366,1281,35561,849,1312,238176
222,2015-05-30,13885,12551,43848,74336,24168,34693,10067,2853,9737,5588,2098,135136,6095,13403,6130,37785,512,367,1283,35605,849,1316,238481
223,2015-05-31,13885,12551,43848,74336,24168,34693,10067,2853,9737,5588,2098,135136,6095,13403,6130,37785,512,367,1283,35605,849,1316,238481
224,2015-06-01,13889,12560,43870,74360,24183,34703,10074,2853,9743,5595,2100,135151,6100,13407,6133,37816,512,367,1283,35616,850,1316,238551
225,2015-06-02,13892,12565,43891,74428,24199,34726,10079,2853,9745,5597,2102,135258,6100,13409,6133,37838,513,367,1286,35646,850,1316,238716
226,2015-06-03,13897,12569,43920,74510,24215,34770,10092,2855,9751,5600,2103,135447,6106,13430,6138,37868,514,367,1286,35692,850,1316,239014
227,2015-06-04,13897,12569,43920,74510,24215,34770,10092,2855,9751,5600,2103,135447,6106,13430,6138,37868,514,367,1286,35692,850,1316,239014
228,2015-06-05,13901,12572,43936,74554,24222,34797,10099,2855,9760,5602,2103,135603,6107,13438,6144,37890,514,368,1290,35729,851,1316,239250
229,2015-06-06,13908,12576,43954,74640,24236,34825,10101,2856,9764,5603,2103,135738,6109,13442,6146,37918,518,368,1290,35770,851,1316,239466
230,2015-06-07,13908,12576,43954,74640,24236,34825,10101,2856,9764,5603,2103,135738,6109,13442,6146,37918,518,368,1290,35770,851,1316,239466
231,2015-06-08,13908,12576,43954,74640,24236,34825,10101,2856,9764,5603,2103,135738,6109,13442,6146,37918,518,368,1290,35770,851,1316,239466
232,2015-06-09,13910,12576,43961,74680,24241,34835,10105,2856,9768,5603,2103,135792,6110,13445,6146,37926,518,369,1291,35783,851,1316,239547
233,2015-06-10,13914,12588,43988,74760,24254,34870,10110,2857,9776,5604,2105,135941,6110,13460,6148,37955,518,369,1298,35823,851,1317,239790
234,2015-06-11,13920,12591,44010,74810,24260,34899,10111,2857,9779,5611,2110,136027,6114,13465,6150,37978,518,369,1299,35847,852,1317,239936
235,2015-06-12,13938,12610,44071,74916,24313,34942,10125,2857,9804,5625,2110,136200,6125,13488,6161,38037,519,370,1302,35892,854,1318,240266
236,2015-06-13,13944,12614,44092,74918,24328,34947,10128,2857,9806,5627,2110,136230,6130,13490,6163,38057,519,370,1303,35896,854,1318,240330
237,2015-06-14,13944,12614,44092,74918,24328,34947,10128,2857,9806,5627,2110,136230,6130,13490,6163,38057,519,370,1303,35896,854,1318,240330
238,2015-06-15,13944,12614,44092,74918,24328,34947,10128,2857,9806,5627,2110,136230,6130,13490,6163,38057,519,370,1303,35896,854,1318,240330
239,2015-06-16,13947,12618,44099,74960,24332,34957,10134,2857,9816,5628,2110,136287,6132,13501,6163,38068,519,370,1303,35907,854,1318,240422
240,2015-06-17,13954,12624,44119,75022,24346,34985,10139,2857,9825,5630,2111,136448,6133,13503,6169,38082,519,370,1306,35939,854,1318,240641
241,2015-06-18,13973,12643,44182,75174,24399,35062,10149,2857,9838,5639,2111,136859,6152,13521,6178,38145,519,370,1306,36065,855,1319,241289
242,2015-06-19,13973,12643,44182,75174,24399,35062,10149,2857,9838,5639,2111,136859,6152,13521,6178,38145,519,370,1306,36065,855,1319,241289
243,2015-07-06,14035,12683,44395,75660,24538,35285,10231,2863,9879,5671,2126,137885,6184,13591,6211,38350,520,371,1314,36349,858,1330,242963
244,2015-07-07,14035,12683,44395,75660,24538,35285,10231,2863,9879,5671,2126,137885,6184,13591,6211,38350,520,371,1314,36349,858,1330,242963
245,2015-07-08,14036,12684,44412,75720,24545,35309,10233,2863,9880,5675,2126,138042,6191,13596,6215,38361,520,372,1314,36390,858,1332,243191
246,2015-07-09,14043,12690,44435,75778,24556,35341,10240,2864,9891,5679,2127,138169,6194,13612,6220,38376,520,372,1316,36412,858,1334,243383
247,2015-11-30,14645,13244,46899,81116,26221,37873,10939,2949,10558,6054,2290,150251,6607,14520,6632,40573,549,404,1413,39437,946,1426,262758
248,2015-12-01,14650,13245,46918,81172,26235,37899,10947,2949,10560,6057,2291,150366,6612,14528,6634,40588,549,404,1413,39464,946,1426,262930
249,2015-12-02,14651,13246,46920,81194,26237,37906,10948,2949,10561,6057,2291,150401,6612,14530,6635,40593,550,404,1413,39470,946,1426,262980
250,2015-12-03,14656,13252,46940,81242,26245,37933,10952,2949,10566,6060,2292,150519,6619,14537,6638,40606,550,404,1413,39496,949,1427,263158
251,2015-12-04,14666,13258,46982,81314,26271,37970,10964,2950,10576,6068,2293,150722,6628,14565,6641,40639,550,404,1413,39553,949,1429,263493
